name,team,apps,mins,tackles,ints,pos won,blocks,clearances,Ground Duels -total,Ground Duels %,Aerial Duels -total,Aerial Duels %,team_poss,tackles_padj,ints_padj,pos won_padj,blocks_padj,clearances_padj,Ground Duels -total_padj,Aerial Duels -total_padj,tackles_padj_z,ints_padj_z,pos won_padj_z,blocks_padj_z,clearances_padj_z,Ground Duels -total_padj_z,Ground Duels %_z,Aerial Duels -total_padj_z,Aerial Duels %_z,Cluster,Cluster_Name,Cluster_0_%,Cluster_1_%,Cluster_2_%,Cluster_3_%,Max_Percentage
Pierre Kalulu,Juventus,37,3282,1.7,0.66,4.33,0.22,1.7,4.06,56.8,2.06,46.7,57.6,2.0047169811320757,0.7783018867924529,5.106132075471699,0.25943396226415094,2.0047169811320757,4.787735849056603,2.429245283018868,0.897563012175862,-0.9875512576640346,1.297341700093477,-1.767916812982952,-2.2310330661464257,0.33662120356462216,0.3091256333116678,-0.9973732597341447,-1.352429555308106,0,Ground Specialist,41.4,23.7,15.2,19.7,41.4
Tiago Gabriel,Lecce,37,3220,1.76,1.26,2.4,0.56,6.79,4.22,68.2,5.23,66.3,41.7,1.509433962264151,1.0806174957118355,2.058319039451115,0.4802744425385936,5.823327615780446,3.619210977701544,4.485420240137222,-0.03951374516331785,-0.17322178869234658,-1.296860402056179,-0.7769099451224243,0.878784347898275,-0.581504792760751,2.0507846892871653,0.6624470878927416,1.0539447489491385,2,Aerial Stopper,17.6,20.3,33.3,28.8,33.3
Johan Vásquez,Genoa,36,3217,1.65,1.26,3.41,0.76,4.31,4.7,66.7,4.34,47.1,48.8,1.611328125,1.23046875,3.330078125,0.7421875,4.208984375,4.58984375,4.23828125,0.15327027522677356,0.23042356976403144,-0.21437927405808985,0.39840736266483273,-0.4359118080471124,0.18113467087270793,1.8216190240272316,0.4629473696894772,-1.303319875629387,3,Coverage Defender,24.1,24.0,23.2,28.8,28.8
Simone Canestrelli,Pisa,37,3201,1.12,0.93,2.73,0.53,5.23,3.46,52.0,4.3,61.4,40.2,0.9364548494983278,0.7775919732441472,2.282608695652174,0.44314381270903014,4.372909698996656,2.8929765886287626,3.5953177257525084,-1.123591713838553,-0.9894635093167826,-1.1059521374314845,-0.9435311602336954,-0.3024135606630445,-1.1521170992493432,-0.42420449552011985,-0.05607652787978554,0.4523511728848273,3,Coverage Defender,22.3,15.8,20.3,41.6,41.6
Saúl Coco,Torino,35,3090,1.69,1.25,2.56,1.19,5.01,4.92,58.6,3.58,53.7,44.1,1.5116279069767442,1.1180679785330947,2.289803220035778,1.0644007155635062,4.4812164579606435,4.400715563506261,3.2021466905187834,-0.035362796072114566,-0.07234366368391591,-1.099828385725152,1.8443175922660358,-0.21421021203439725,0.03253406431787069,0.584124431623589,-0.37345870497479666,-0.4930101609305185,3,Coverage Defender,20.1,16.3,24.2,39.3,39.3
Antonio Caracciolo,Pisa,35,3074,2.08,1.46,3.37,0.7,5.62,4.86,50.6,2.78,57.9,40.2,1.7391304347826086,1.2207357859531773,2.817725752508361,0.5852842809364548,4.698996655518394,4.063545150501673,2.3244147157190636,0.395072577080939,0.2042064668096048,-0.6504774159226541,-0.30568532671967275,-0.03685338893909024,-0.23238534729233631,-0.6380924497627245,-1.081996364424292,0.022641475696033513,3,Coverage Defender,31.6,16.7,16.3,35.5,35.5
Gianluca Mancini,Roma,36,3066,1.53,1.44,3.2,0.41,3.7,5.61,50.8,4.26,62.8,56.3,1.7505720823798625,1.6475972540045765,3.6613272311212812,0.4691075514874141,4.233409610983982,6.418764302059496,4.874141876430206,0.416720204034835,1.3540176652630258,0.0675694929033553,-0.8270206209850044,-0.4160202738027126,1.6181425987504818,-0.6075370277280674,0.9762375458731004,0.6242350517603447,1,Aggressor,11.4,68.2,10.9,9.5,68.2
Jay Idzes,Sassuolo,35,3063,0.82,1.23,2.88,0.62,5.61,2.62,52.8,3.2,48.6,46.2,0.762081784386617,1.1431226765799256,2.6765799256505574,0.5762081784386617,5.213754646840149,2.4349442379182156,2.9739776951672865,-1.4535060056623739,-0.004855322514067333,-0.7706162815343875,-0.3464137289471152,0.3823575541474052,-1.511999390721421,-0.30198280738148897,-0.5576451429385968,-1.1191585768341896,3,Coverage Defender,21.1,13.3,17.5,48.1,48.1
Sebastiano Luperto,Cremonese,34,3017,1.04,0.89,2.42,0.51,4.74,3.4,59.6,2.24,44.0,46.6,0.9737827715355806,0.8333333333333334,2.2659176029962547,0.4775280898876405,4.438202247191012,3.1835205992509366,2.0973782771535583,-1.0529671884493506,-0.839316342508432,-1.120159067824989,-0.7892340187491398,-0.24924031970996194,-0.9238326906175318,0.7369015417968782,-1.2652685607318925,-1.6839198931394617,3,Coverage Defender,29.8,16.1,17.7,36.4,36.4
Filippo Terracciano,Cremonese,36,3012,0.99,1.67,4.18,0.69,3.5,2.99,63.0,2.21,58.1,46.6,0.9269662921348315,1.5636704119850189,3.9138576779026217,0.6460674157303371,3.2771535580524347,2.7996254681647943,2.0692883895131087,-1.1415440890004054,1.1279489520445756,0.282515425660538,-0.03292507934123688,-1.1947804067970027,-1.2254643531975462,1.2563437163860611,-1.287943755226778,0.04719631553539351,3,Coverage Defender,25.7,20.7,21.0,32.6,32.6
Lloyd Kelly,Juventus,35,2998,1.44,0.42,5.04,0.51,3.48,4.32,57.6,4.29,62.9,57.6,1.6981132075471699,0.49528301886792453,5.943396226415095,0.6014150943396227,4.10377358490566,5.09433962264151,5.058962264150944,0.317467876680179,-1.7499022498928491,2.0099944759566073,-0.23329938168436828,-0.521593847533421,0.5775239879215556,0.4313473214502998,1.1254313871525876,0.6365124716800247,1,Aggressor,18.3,46.1,18.5,17.1,46.1
Oumar Solet,Udinese,35,2961,2.28,1.46,5.17,0.58,3.8,7.05,61.6,2.8,54.3,45.6,2.0955882352941178,1.3419117647058825,4.751838235294118,0.5330882352941176,3.4926470588235294,6.4797794117647065,2.573529411764706,1.0694916609313694,0.5306109511249641,0.9957779840436887,-0.5399115865178583,-1.0192858341818205,1.6660830061498009,1.0424557621434565,-0.8809017834607499,-0.4193456414124403,1,Aggressor,28.2,36.3,16.9,18.6,36.3
Enrico Delprato,Parma,35,2953,1.1,0.73,2.32,0.67,3.32,2.77,56.0,2.13,48.6,44.2,0.9856630824372761,0.6541218637992832,2.078853046594982,0.6003584229390682,2.974910394265233,2.482078853046595,1.9086021505376343,-1.0304896093847817,-1.3220475562256024,-1.2793825043411247,-0.2380411238401543,-1.440922562662013,-1.4749650780276973,0.18690394517303688,-1.4176556205093473,-1.1191585768341896,3,Coverage Defender,30.4,16.8,18.3,34.5,34.5
Marin Pongracic,Fiorentina,35,2917,0.96,1.08,4.87,0.83,4.01,4.72,44.4,2.72,55.7,51.1,0.9815950920245399,1.1042944785276074,4.979550102249489,0.8486707566462167,4.100204498977505,4.826175869120655,2.78118609406953,-1.038186257805248,-0.10944451661520126,1.1895991262720653,0.8762438467977111,-0.524500455887488,0.3668240538292878,-1.585310532837118,-0.7132736419852386,-0.24746176253692206,0,Ground Specialist,32.5,21.8,19.5,26.1,32.5
Strahinja Pavlovic,Milan,34,2870,1.69,0.63,3.04,0.44,3.67,5.3,58.6,3.95,55.6,51.8,1.7531120331950205,0.6535269709543567,3.1535269709543563,0.4564315352697095,3.807053941908713,5.497925311203319,4.097510373443983,0.42152579757024344,-1.3236499834910538,-0.3646540348617126,-0.8839033949820798,-0.7632377335343833,0.8946267912053055,0.584124431623589,0.34931192030709257,-0.25973918245660205,0,Ground Specialist,34.7,23.3,16.8,25.2,34.7
Sebastian Walukiewicz,Sassuolo,34,2855,1.58,0.79,3.06,0.32,3.4,4.98,53.2,1.73,47.3,46.2,1.4684014869888475,0.7342007434944238,2.8438661710037176,0.29739776951672864,3.1598513011152414,4.628252788104089,1.6078066914498141,-0.11714729489508235,-1.106343868906629,-0.628227518107312,-1.5975567699750588,-1.2903095497842716,0.21131317818708162,-0.24087196331217242,-1.6604688216619554,-1.2787650357900278,0,Ground Specialist,45.9,17.1,14.2,22.8,45.9
Tarik Muharemovic,Sassuolo,32,2835,1.4,1.43,2.89,0.98,7.05,3.3,64.4,3.3,64.4,46.2,1.3011152416356877,1.328996282527881,2.6858736059479553,0.9107806691449813,6.552044609665427,3.066914498141264,3.066914498141264,-0.43365330533996715,0.49582128948255144,-0.7627057946773276,1.1549579202864173,1.472240192003338,-1.0154517013749034,1.4702316706286669,-0.48262312397782436,0.8206737704752228,2,Aerial Stopper,14.6,15.7,40.0,29.7,40.0
Manuel Akanji,Inter,33,2820,1.53,1.18,4.12,0.41,3.35,3.41,61.7,3.03,53.7,59.8,1.9029850746268655,1.4676616915422884,5.124378109452736,0.5099502487562189,4.166666666666666,4.241293532338308,3.76865671641791,0.7050859809953189,0.8693360057457007,1.3128721473847265,-0.6437417517983662,-0.4703746949158032,-0.09272600912203526,1.0577334731607857,0.0838491057573231,-0.4930101609305185,1,Aggressor,21.0,45.1,16.7,17.1,45.1
Adam Obert,Cagliari,35,2782,2.2,1.36,4.11,0.58,3.66,5.66,55.4,2.1,47.7,45.6,2.022058823529412,1.2500000000000002,3.7775735294117654,0.5330882352941176,3.3639705882352944,5.202205882352942,1.9301470588235297,0.9303738230070658,0.2830337293839893,0.16651466697677353,-0.5399115865178583,-1.1240779607689693,0.6622759855855902,0.09523767906906315,-1.400263775016393,-1.229655356111308,0,Ground Specialist,47.1,20.8,13.5,18.6,47.1
Jacobo Ramón,Como,32,2743,1.64,1.21,3.81,0.56,4.0,4.27,53.1,5.55,66.9,61.6,2.135416666666667,1.5755208333333335,4.960937500000001,0.7291666666666669,5.208333333333334,5.559895833333333,7.226562500000001,1.144847156473701,1.1598697230499428,1.173756667659466,0.3399772449501605,0.37794252031349806,0.9433178792327634,-0.25614967432950153,2.8751983340398857,1.1276092684672183,1,Aggressor,17.5,36.2,27.9,18.4,36.2
Evan Ndicka,Roma,31,2683,0.81,1.64,4.6,0.4,4.63,3.76,56.3,4.19,60.8,56.3,0.9267734553775743,1.8764302059496565,5.263157894736841,0.45766590389016015,5.297482837528603,4.302059496567505,4.7940503432494275,-1.141908936645696,1.970411297423623,1.4309971132093924,-0.8783642484505293,0.45054449708598177,-0.04498135873568401,0.2327370782250232,0.9115847029883704,0.37868665336674817,1,Aggressor,18.5,35.7,25.9,19.9,35.7
Alessio Romagnoli,Lazio,32,2667,0.78,1.08,3.44,0.67,4.52,2.13,57.1,3.58,61.3,50.4,0.7862903225806451,1.088709677419355,3.467741935483871,0.6754032258064516,4.556451612903225,2.1471774193548385,3.6088709677419355,-1.4077033885594628,-0.15142436296146417,-0.09720419070275436,0.0987174040637677,-0.15293986599129092,-1.7381017215143475,0.3549587663636552,-0.04513585050576998,0.44007375296514734,3,Coverage Defender,18.4,15.9,24.9,40.7,40.7
Alessandro Circati,Parma,31,2666,1.45,0.81,3.0,1.01,5.06,3.51,62.5,4.08,62.8,44.2,1.2992831541218637,0.7258064516129032,2.688172043010753,0.9050179211469535,4.534050179211469,3.1451612903225805,3.655913978494624,-0.43711961967180096,-1.1289550707387344,-0.7607494377126781,1.1290979745160672,-0.17118324696396361,-0.9539721250374077,1.1799551612994166,-0.0071609952092280766,0.6242350517603447,3,Coverage Defender,15.2,13.6,25.8,45.3,45.3
Leo Østigård,Genoa,30,2623,1.24,1.03,2.74,0.89,7.38,3.12,53.8,5.18,71.5,48.8,1.2109375,1.005859375,2.67578125,0.869140625,7.20703125,3.046875,5.05859375,-0.6042698265954128,-0.37459326586547664,-0.7712960889986659,0.9681010103828952,2.0056511770347174,-1.0311970095389245,-0.14920569720819976,1.1251339089229224,1.6923705847724895,2,Aerial Stopper,13.8,15.6,46.4,24.3,46.4
Alessandro Marcandalli,Genoa,32,2599,1.14,0.69,2.8,0.38,3.64,2.98,55.8,3.12,62.2,48.8,1.11328125,0.673828125,2.734375,0.37109375,3.5546875,2.91015625,3.046875,-0.789035705088629,-1.2689659794047494,-0.7214229413920471,-1.2668509922033497,-0.9687610588630167,-1.1386188040057779,0.1563485231383786,-0.49879974681624095,0.5505705322422664,3,Coverage Defender,26.8,18.1,19.7,35.4,35.4
Fikayo Tomori,Milan,33,2563,2.28,1.02,2.6,0.81,3.51,4.74,55.6,1.19,47.1,51.8,2.3651452282157672,1.0580912863070537,2.697095435684647,0.8402489626556016,3.6410788381742734,4.9170124481327795,1.234439834024896,1.5794941912472296,-0.2338992912801559,-0.7531541279744051,0.8384516101840507,-0.8984052898198817,0.4381955981179283,0.1257931011037214,-1.961864335179882,-1.303319875629387,0,Ground Specialist,35.4,20.6,18.0,26.0,35.4
Federico Baschirotto,Cremonese,29,2541,0.92,0.92,2.83,1.17,6.62,3.19,40.0,3.65,55.3,46.6,0.8614232209737829,0.8614232209737829,2.6498127340823974,1.0955056179775282,6.198501872659176,2.9868913857677906,3.417602996254682,-1.2655517497718822,-0.7636522927179316,-0.793399668774383,1.9838987590798385,1.184320457486518,-1.0783269568170515,-2.25752981759959,-0.1995344194722867,-0.296571442215642,3,Coverage Defender,22.3,18.3,26.7,32.7,32.7
Matteo Gabbia,Milan,30,2531,0.75,0.5,2.38,0.78,5.55,1.96,47.3,3.48,65.3,51.8,0.7780082987551866,0.5186721991701244,2.468879668049792,0.8091286307053941,5.757261410788381,2.033195020746888,3.609958506224066,-1.4233729991354636,-1.6869002142280198,-0.9474041745307514,0.6988012043597698,0.8249810528202236,-1.827659253280124,-1.1422569133345795,-0.04425794928670384,0.9311705497523403,3,Coverage Defender,19.7,16.3,26.7,37.3,37.3
Berat Djimsiti,Atalanta,34,2527,1.85,1.53,3.38,0.82,5.52,3.67,61.2,5.2,58.9,55.2,2.064732142857143,1.7075892857142858,3.7723214285714284,0.9151785714285714,6.160714285714286,4.095982142857143,5.803571428571429,1.0111118539452773,1.515614611908701,0.16204424478234197,1.174693212302632,1.1535468313802864,-0.2068991581198034,0.9813449180741411,1.726507398634929,0.14541567489283175,2,Aerial Stopper,15.1,24.7,40.4,19.8,40.4
Alessandro Buongiorno,Napoli,33,2519,1.18,1.43,4.11,0.39,4.04,4.36,48.4,4.11,65.2,59.0,1.4390243902439024,1.7439024390243902,5.01219512195122,0.47560975609756095,4.926829268292683,5.317073170731708,5.01219512195122,-0.17272883819272067,1.613429180456468,1.2173855349966378,-0.7978424131814252,0.14868996556372566,0.7525287873643407,-0.9742020921439611,1.087679223138174,0.9188931298326611,1,Aggressor,18.9,41.1,22.2,17.8,41.1
Mario Gila,Lazio,31,2481,1.67,0.91,4.86,0.58,3.99,4.1,67.3,3.26,64.4,50.4,1.6834677419354838,0.9173387096774194,4.899193548387097,0.5846774193548386,4.022177419354839,4.133064516129032,3.286290322580645,0.2897586177266008,-0.6130360860785086,1.1212021680309854,-0.3084085774320192,-0.5880445021895442,-0.1777630295349825,1.9132852901312043,-0.30553485825348436,0.8206737704752228,1,Aggressor,22.1,28.3,24.0,25.5,28.3
Thomas Kristensen,Udinese,28,2475,0.95,0.91,3.05,0.8,7.2,3.16,47.1,4.65,63.3,45.6,0.8731617647058824,0.8363970588235295,2.8033088235294117,0.7352941176470589,6.61764705882353,2.9044117647058827,4.27389705882353,-1.243342394560184,-0.8310637684503993,-0.6627486500901427,0.36747377093353545,1.5256658115060808,-1.1431323247816958,-1.1728123353692368,0.49169776565059353,0.6856221513587437,3,Coverage Defender,17.8,16.4,31.3,34.5,34.5
Luca Ranieri,Fiorentina,34,2463,1.24,0.88,2.7,0.48,4.64,3.98,61.5,3.0,57.3,51.1,1.2678936605316973,0.899795501022495,2.7607361963190185,0.49079754601226994,4.744376278118609,4.069529652351738,3.067484662576687,-0.49650862302431836,-0.6602911776666962,-0.6989851244729138,-0.7296882229061866,0.00010307353038556776,-0.22768324222098205,1.0271780511261275,-0.48216286619278886,-0.051023043822045595,3,Coverage Defender,22.5,17.0,19.9,40.6,40.6
Marc Oliver Kempf,Como,34,2323,0.81,0.46,3.49,0.77,5.35,3.33,47.7,5.39,66.9,61.6,1.0546875000000002,0.5989583333333335,4.544270833333334,1.0026041666666667,6.966145833333334,4.335937500000001,7.018229166666667,-0.8998952321845584,-1.4706382579479185,0.8191031735679547,1.5670097169582944,1.8094778210129423,-0.01836294742287644,-1.081146069265263,2.7070239748694864,1.1276092684672183,2,Aerial Stopper,17.5,20.8,37.5,24.2,37.5
Jhon Lucumí,Bologna,29,2287,1.61,1.26,5.23,0.55,3.97,4.29,59.6,2.83,58.3,55.2,1.7968750000000002,1.40625,5.837053571428572,0.6138392857142858,4.430803571428572,4.787946428571429,3.1584821428571432,0.5043254443638847,0.7039150063436465,1.9194789699679558,-0.17754665480837278,-0.25526568676837247,0.3367866587736591,0.7369015417968782,-0.4087063401178127,0.07175115537475263,1,Aggressor,16.2,56.6,13.9,13.3,56.6
Christian Kabasele,Udinese,30,2256,0.72,1.44,2.19,0.84,6.26,3.39,54.1,3.99,65.0,45.6,0.6617647058823529,1.3235294117647058,2.012867647058824,0.7720588235294118,5.7536764705882355,3.115808823529412,3.6672794117647065,-1.643306178592558,0.4810955067767687,-1.3355471903519796,0.5324529268337888,0.8220615329923667,-0.9770347602279055,-0.10337256415621236,0.0020136021838442235,0.8943382899933011,3,Coverage Defender,15.4,14.6,32.3,37.6,37.6
Lautaro Valenti,Parma,27,2251,1.96,1.0,3.32,0.96,5.76,4.88,59.8,3.08,55.8,44.2,1.7562724014336917,0.8960573476702509,2.974910394265233,0.8602150537634409,5.161290322580645,4.372759856630824,2.759856630824373,0.4275052224814,-0.6703604177074225,-0.5166868181228214,0.9280481071107403,0.33963142027088394,0.01056888252569679,0.7674569638315354,-0.7304915722862123,-0.23518434261724294,3,Coverage Defender,20.7,17.0,23.1,39.2,39.2
Alessandro Bastoni,Inter,28,2249,2.04,0.92,4.0,0.24,3.2,5.52,55.8,3.24,64.2,59.8,2.5373134328358207,1.144278606965174,4.975124378109452,0.29850746268656714,3.980099502487562,6.865671641791043,4.029850746268656,1.905236881297523,-0.001741661991700469,1.1858320897997077,-1.5925770961799228,-0.6223121065986628,1.969283816720735,0.1563485231383786,0.294694570985883,0.7961189306358628,1,Aggressor,19.9,50.1,15.3,14.7,50.1
Matteo Bianchetti,Cremonese,27,2197,1.88,0.78,1.93,0.74,5.74,4.34,58.5,3.6,60.2,46.6,1.7602996254681649,0.7303370786516855,1.807116104868914,0.6928838951310862,5.374531835205993,4.063670411985019,3.370786516853933,0.43512474080837277,-1.1167511917402662,-1.510676398397664,0.17716073716095843,0.5132920085860384,-0.23228692762920608,0.5688467206062598,-0.23732641029709542,0.30502213384866994,3,Coverage Defender,17.0,14.1,22.4,46.5,46.5
Bremer,Juventus,26,2175,1.16,1.32,4.63,0.37,3.89,3.1,52.0,4.72,57.9,57.6,1.3679245283018868,1.5566037735849059,5.459905660377359,0.4363207547169812,4.587264150943397,3.655660377358491,5.566037735849057,-0.3072499615459407,1.1089139709652045,1.5984625913032506,-0.974149176104374,-0.12784661178548107,-0.5528660002148218,-0.42420449552011985,1.534761431171105,0.022641475696033513,1,Aggressor,20.2,37.6,22.7,19.5,37.6
Yerry Mina,Cagliari,26,2153,1.34,1.09,3.34,0.96,5.31,4.77,62.3,3.72,65.2,45.6,1.2316176470588236,1.0018382352941178,3.0698529411764706,0.8823529411764707,4.880514705882353,4.384191176470588,3.419117647058824,-0.5651429346792022,-0.38542476931664404,-0.435874723722779,1.027390394534549,0.11097210257957099,0.01955062709483557,1.1493997392647584,-0.1983117374161899,0.9188931298326611,3,Coverage Defender,14.8,15.5,33.6,36.1,36.1
Guillermo Maripán,Torino,27,2144,2.14,1.18,3.11,1.09,6.34,4.66,55.9,4.7,52.7,44.1,1.9141323792486584,1.0554561717352413,2.7817531305903396,0.9749552772808587,5.6708407871198565,4.168157423971378,4.203935599284437,0.7261767102755959,-0.24099734175004017,-0.6810961744543162,1.4429371771956523,0.7546014341237162,-0.15019005118720863,0.17162623415570774,0.43522229225245224,-0.6157843601273167,3,Coverage Defender,19.2,18.7,30.5,31.6,31.6
Torbjørn Heggem,Bologna,27,2113,1.36,1.02,3.88,0.34,4.34,4.17,53.1,3.49,45.1,55.2,1.517857142857143,1.1383928571428572,4.330357142857143,0.37946428571428575,4.84375,4.654017857142857,3.895089285714286,-0.023577065616733072,-0.01759575415862388,0.6370266029406162,-1.2292887736724882,0.0810314949832425,0.2315571458265368,-0.25614967432950153,0.18591014409181156,-1.5488682740229833,0,Ground Specialist,45.9,21.9,13.4,18.7,45.9
Mario Hermoso,Roma,27,2096,1.55,1.25,4.17,0.17,3.39,5.07,48.3,3.48,61.7,56.3,1.7734553775743707,1.4302059496567505,4.771167048054919,0.19450800915331806,3.8787185354691074,5.80091533180778,3.981693363844393,0.4600154579426278,0.7684437147104589,1.01223005840111,-2.059267680157606,-0.7048751974322777,1.1326902003491148,-0.9894798031612904,0.2558201537289664,0.4891834326438673,1,Aggressor,25.0,41.8,16.3,16.9,41.8
Isak Hien,Atalanta,28,1965,2.24,1.33,5.73,0.73,4.67,6.5,52.1,4.44,49.5,55.2,2.5000000000000004,1.4843750000000002,6.3950892857142865,0.8147321428571429,5.212053571428571,7.254464285714286,4.955357142857143,1.8346397695150418,0.914355644823476,2.3944613281262295,0.7239465899322972,0.38097222465360203,2.2747635222164853,-0.40892678450279074,1.0417975077268768,-1.0086617975570713,1,Aggressor,22.7,37.0,21.4,18.9,37.0
Diego Carlos,Como,27,1948,1.39,1.02,2.77,0.79,5.54,3.56,48.1,3.79,58.5,61.6,1.8098958333333335,1.3281250000000002,3.606770833333334,1.0286458333333335,7.213541666666668,4.635416666666667,4.934895833333334,0.5289608948296468,0.49347436786381815,0.02113281186205475,1.683869952387641,2.0109531596299015,0.21694193569499265,-1.0200352251959475,1.0252803831654986,0.09630599521411262,2,Aerial Stopper,17.8,21.8,36.5,23.9,36.5
Yann Bisseck,Inter,23,1922,1.26,1.03,3.28,0.33,3.47,4.12,56.8,2.81,65.0,59.8,1.5671641791044775,1.281094527363184,4.079601990049751,0.4104477611940298,4.3159203980099505,5.124378109452736,3.4950248756218905,0.06971197495297553,0.3667911974356616,0.4235917442895943,-1.0902525020955693,-0.3488247655695147,0.6011256384364325,0.3091256333116678,-0.13703661972021525,0.8943382899933011,1,Aggressor,22.2,37.6,19.6,20.5,37.6
Ardian Ismajli,Torino,25,1907,1.56,1.6,2.88,0.85,7.55,3.82,63.0,3.49,71.6,44.1,1.3953488372093024,1.4311270125223614,2.5760286225402504,0.7602862254025045,6.753130590339892,3.4168157423971377,3.1216457960644006,-0.2553630979058975,0.7709247266467049,-0.8562023718948474,0.47962418102673066,1.6360015031848567,-0.7405295012805434,1.2563437163860611,-0.4384419993948434,1.7046480046921686,2,Aerial Stopper,14.0,16.7,43.8,25.5,43.8
Kialonda Gaspar,Lecce,23,1830,1.13,0.84,2.07,1.03,6.93,3.25,68.2,4.28,56.3,41.7,0.9691252144082333,0.7204116638078902,1.7753001715265866,0.8833619210977702,5.943396226415095,2.7873070325900517,3.670668953687822,-1.0617792986242411,-1.143486687892656,-1.5377571150239977,1.0319181243705766,0.9765663665319098,-1.2351431167501912,2.0507846892871653,0.00474976557968981,-0.17379724301884383,3,Coverage Defender,18.3,16.4,28.6,36.7,36.7
Giorgio Scalvini,Atalanta,24,1817,2.33,2.13,4.95,0.59,3.62,6.84,50.7,3.37,61.8,55.2,2.600446428571429,2.377232142857143,5.524553571428572,0.6584821428571428,4.040178571428572,7.633928571428571,3.7611607142857144,2.0246846731080637,3.319391513164377,1.6534888493993223,0.022785177356219877,-0.57338464247936,2.5729138088999965,-0.6228147387453954,0.0777980560536979,0.5014608525635464,1,Aggressor,21.5,40.9,20.0,17.6,40.9
Amir Rrahmani,Napoli,21,1800,1.1,1.2,4.15,0.45,3.55,3.3,60.6,4.95,68.7,59.0,1.3414634146341464,1.4634146341463414,5.060975609756098,0.5487804878048781,4.329268292682927,4.024390243902439,6.036585365853659,-0.35731445729228467,0.857895961328887,1.25890594406101,-0.4694936541214085,-0.33795444668488767,-0.26314989369926106,0.8896786519701674,1.9146048526199397,1.348602827021455,1,Aggressor,17.3,33.4,29.3,20.0,33.4
Koni De Winter,Milan,26,1798,1.45,0.65,3.7,0.6,4.96,3.7,54.1,3.2,65.6,51.8,1.5041493775933608,0.6742738589211618,3.838174273858921,0.6224066390041493,5.145228215767634,3.838174273858921,3.3195020746887964,-0.04951219307802226,-1.2677653326084437,0.21809610480732655,-0.1391012305859154,0.32655068901744827,-0.40946233190148684,-0.10337256415621236,-0.2787251056404548,0.9680028095113793,3,Coverage Defender,17.5,15.6,23.0,44.0,44.0
Nicolò Bertola,Udinese,28,1760,1.89,1.18,3.32,0.61,4.4,5.22,52.9,2.97,60.3,45.6,1.7371323529411764,1.0845588235294117,3.0514705882352944,0.5606617647058824,4.044117647058824,4.797794117647059,2.729779411764706,0.39129220105038726,-0.16260526974976686,-0.4515212014032866,-0.41617721959266823,-0.5701767202368963,0.3445241229609473,-0.2867050963641598,-0.7547710140829508,0.31729955376834906,0,Ground Specialist,35.4,20.6,16.4,27.7,35.4
Carlos Augusto,Inter,34,1753,1.9,0.92,3.13,0.41,3.13,5.13,55.0,4.52,69.3,59.8,2.36318407960199,1.144278606965174,3.893034825870646,0.5099502487562189,3.893034825870646,6.380597014925373,5.62189054726368,1.575783692979271,-0.001741661991700469,0.26479167230832046,-0.6437417517983662,-0.6932162320506642,1.5881540384843942,0.034126834999747696,1.5798478828551983,1.422267346539533,1,Aggressor,11.7,64.3,13.4,10.7,64.3
Zé Pedro,Cagliari,23,1705,1.64,1.06,2.96,0.69,4.33,5.33,49.5,2.32,40.9,45.6,1.5073529411764706,0.974264705882353,2.7205882352941178,0.6341911764705882,3.979779411764706,4.89889705882353,2.1323529411764706,-0.043451042463062556,-0.45969793583893664,-0.7331577996524279,-0.08621890779216168,-0.6225727835304712,0.4239620886171082,-0.8061472709533428,-1.237035720527477,-2.0645199106495364,0,Ground Specialist,45.9,16.0,14.3,23.7,45.9
Pietro Comuzzo,Fiorentina,27,1696,1.7,1.27,3.29,0.74,5.41,3.87,50.7,3.4,50.0,51.1,1.738241308793456,1.2985685071574642,3.3640081799591,0.7566462167689162,5.531697341513293,3.9570552147239266,3.476482617586912,0.3933903484014953,0.41385981138371863,-0.18549908394778133,0.4632898860167091,0.6412851650411211,-0.3160559483906164,-0.6228147387453954,-0.1520046150607176,-0.9472746979586723,3,Coverage Defender,24.7,19.7,22.8,32.9,32.9
Sam Beukema,Napoli,24,1680,1.02,0.75,3.91,0.59,3.11,3.0,44.6,3.27,52.5,59.0,1.2439024390243902,0.9146341463414633,4.7682926829268295,0.7195121951219512,3.792682926829268,3.6585365853658534,3.9878048780487805,-0.5419000763918491,-0.6203212065294235,1.0097834896747775,0.29665345035196294,-0.7749412658469077,-0.5506061241889598,-1.5547551108024598,0.26075359365640777,-0.6403391999666768,0,Ground Specialist,33.0,21.1,19.2,26.8,33.0
Juan Jesus,Napoli,24,1678,2.15,1.45,4.67,0.59,3.27,4.72,47.7,3.7,50.7,59.0,2.621951219512195,1.7682926829268293,5.695121951219512,0.7195121951219512,3.9878048780487805,5.7560975609756095,4.51219512195122,2.0653717933894957,1.6791277212501707,1.798671261897846,0.29665345035196294,-0.6160369679698094,1.0974762639519786,-1.081146069265263,0.6840607611292169,-0.8613327585209132,1,Aggressor,23.5,39.9,18.9,17.6,39.9
Mariano Troilo,Parma,21,1628,1.55,1.0,3.48,0.88,6.58,4.98,55.6,3.43,62.9,44.2,1.388888888888889,0.8960573476702509,3.118279569892473,0.7885304659498208,5.896057347670251,4.46236559139785,3.0734767025089607,-0.267585336896663,-0.6703604177074225,-0.3946555083278928,0.6063683192622176,0.9380143161745623,0.08097333563249313,0.1257931011037214,-0.47732587030926793,0.6365124716800247,3,Coverage Defender,13.8,12.9,27.6,45.7,45.7
Gabriele Zappa,Cagliari,31,1594,1.58,0.96,2.88,0.11,2.54,4.57,46.9,1.36,45.8,45.6,1.4522058823529413,0.8823529411764707,2.6470588235294117,0.10110294117647059,2.334558823529412,4.200367647058824,1.2500000000000002,-0.14778942090629016,-0.7072751575799119,-0.7957437103744595,-2.4784166683458357,-1.96241497346616,-0.12488203773454641,-1.203367757403895,-1.9493035946609303,-1.4629263345852253,0,Ground Specialist,41.2,19.7,16.0,23.1,41.2
Arturo Calabresi,Pisa,26,1516,1.13,1.13,3.38,0.71,4.1,6.23,40.0,2.43,46.3,40.2,0.9448160535117056,0.9448160535117056,2.8260869565217392,0.5936454849498327,3.4280936454849495,5.209030100334449,2.0317725752508364,-1.107772294141475,-0.5390220088917311,-0.6433606233990785,-0.2681649835717891,-1.0718571351452735,0.6676378671227342,-2.25752981759959,-1.318227905733882,-1.401539234986826,0,Ground Specialist,41.2,18.0,16.2,24.6,41.2
Nicolás Valentini,Hellas Verona,21,1406,1.98,0.96,3.52,0.83,6.34,5.38,50.0,5.31,63.9,40.2,1.6555183946488294,0.802675585284281,2.94314381270903,0.6939799331103679,5.301003344481606,4.498327759197324,4.4397993311036785,0.2368783801101587,-0.921897284253025,-0.5437255280690222,0.18207913420281566,0.4534115434743653,0.10922930343455124,-0.7297587158666983,0.6256202056136032,0.7592866708768229,3,Coverage Defender,17.4,17.5,30.8,34.3,34.3
Francesco Acerbi,Inter,18,1379,0.65,1.17,2.94,1.04,5.94,2.74,57.1,4.24,69.2,59.8,0.808457711442786,1.4552238805970148,3.6567164179104474,1.2935323383084576,7.388059701492537,3.4079601990049753,5.273631840796019,-1.3657626312908373,0.8358330185250314,0.0636449144653741,2.8725304067921082,2.153077946808242,-0.7474874230152373,0.3549587663636552,1.2987205958837862,1.409989926619854,2,Aerial Stopper,15.7,18.6,42.0,23.7,42.0
Honest Ahanor,Atalanta,22,1374,2.36,1.51,3.08,0.66,3.21,7.27,62.2,3.93,55.0,55.2,2.633928571428571,1.6852678571428572,3.4375,0.7366071428571429,3.5825892857142856,8.113839285714285,4.386160714285714,2.088032974305737,1.4554887152001785,-0.12294517011262214,0.37336588364425877,-0.9460382763122319,2.9499862302938493,1.1341220282474302,0.5823211335648943,-0.33340370197468117,1,Aggressor,23.2,36.0,21.1,19.6,36.0
Armel Bella-Kotchap,Hellas Verona,19,1347,1.34,2.14,4.94,1.0,5.75,4.34,56.9,3.21,83.3,40.2,1.1204013377926423,1.7892976588628764,4.130434782608696,0.8361204013377926,4.8076923076923075,3.62876254180602,2.6839464882943145,-0.7755644805028358,1.7357075682547813,0.4668590102786957,0.8199249677168388,0.05166666830222809,-0.5739999980192249,0.3244033443289969,-0.7917690422439381,3.1411061352947085,2,Aerial Stopper,16.3,23.1,37.3,23.3,37.3
Martin Vitík,Bologna,19,1324,2.45,0.68,2.18,0.41,6.32,5.1,56.0,5.23,55.8,55.2,2.7343750000000004,0.7589285714285715,2.4330357142857144,0.4575892857142857,7.053571428571429,5.691964285714286,5.837053571428572,2.2780778778987605,-1.039735998203507,-0.9779134147975148,-0.8787080673844502,1.8806758730054012,1.0470858711667308,0.18690394517303688,1.7535354206444578,-0.23518434261724294,2,Aerial Stopper,19.4,27.9,29.9,22.9,29.9
Unai Núñez,Hellas Verona,17,1265,1.71,1.64,3.84,0.92,4.41,5.62,53.2,4.34,45.9,40.2,1.4297658862876255,1.37123745819398,3.210702341137124,0.7692307692307693,3.687290969899666,4.698996655518394,3.62876254180602,-0.19024595171094835,0.6096038171921512,-0.31598816731460677,0.5197622225337694,-0.8607708448005909,0.26689760377003796,-0.24087196331217242,-0.029078637444403806,-1.4506489146655452,0,Ground Specialist,40.0,19.0,15.7,25.3,40.0
Adrien Tamèze,Torino,24,1118,1.21,1.61,4.67,0.4,2.9,4.19,42.3,2.9,52.8,44.1,1.0822898032200357,1.4400715563506261,4.177101967799642,0.35778175313059035,2.59391771019678,3.747763864042934,2.59391771019678,-0.8476716028430059,0.7950181092275795,0.5065806429684183,-1.3265876867899966,-1.7511971093228322,-0.4804990292156221,-1.9061424642010254,-0.8644435961484833,-0.6035069402076376,0,Ground Specialist,38.8,22.2,16.7,22.4,38.8
Federico Gatti,Juventus,21,1089,0.99,1.07,3.8,0.5,5.21,3.22,48.7,3.55,62.8,57.6,1.1674528301886793,1.261792452830189,4.481132075471698,0.589622641509434,6.143867924528302,3.7971698113207553,4.186320754716982,-0.6865429347546562,0.3147983540601899,0.7653614589562097,-0.2862172241429402,1.1398274155005674,-0.44168009974239103,-0.9283689590919738,0.4210029393067661,0.6242350517603447,2,Aerial Stopper,18.8,23.0,32.1,26.1,32.1
Daniele Ghilardi,Hellas Verona,23,1086,2.49,1.66,4.56,0.5,4.64,7.54,54.9,3.65,56.8,40.2,2.0819397993311037,1.3879598662207357,3.812709030100334,0.4180602006688963,3.8795986622073575,6.304347826086956,3.051839464882943,1.043668784661139,0.6546479672346563,0.19642089438282695,-1.0560921896773467,-0.7041584358351821,1.5282440064539324,0.018849123982418555,-0.4947922474547391,-0.11241014342044471,1,Aggressor,28.5,39.5,15.1,16.9,39.5
Jamil Siebert,Lecce,21,1700,1.43,0.85,1.96,1.06,7.57,3.81,51.4,3.71,54.3,41.7,1.2264150943396226,0.7289879931389366,1.6809605488850774,0.9090909090909092,6.492281303602059,3.267581475128645,3.181818181818182,-0.5749861779285635,-1.120385142673601,-1.6180560193466038,1.1473752351892788,1.4235698802856684,-0.8577849090861844,-0.5158707616240936,-0.3898686278081415,-0.4193456414124403,3,Coverage Defender,18.9,14.8,25.1,41.3,41.3
Oliver Provstgaard,Lazio,26,1527,0.71,0.88,3.36,0.71,4.18,2.77,44.7,4.24,58.3,50.4,0.7157258064516129,0.8870967741935484,3.387096774193548,0.7157258064516129,4.213709677419354,2.7923387096774195,4.274193548387097,-1.5412116362448833,-0.6944969783932811,-0.165846802462402,0.2796622847285616,-0.43206359487318974,-1.2311896591454166,-1.5394773997851305,0.49193710297389087,0.07175115537475263,3,Coverage Defender,24.0,18.1,23.3,34.5,34.5
Enzo Ebosse,Torino,17,1331,0.81,0.68,2.23,1.01,3.99,3.92,41.4,2.3,47.1,44.1,0.7245080500894454,0.6082289803220036,1.994633273703041,0.9033989266547406,3.5688729874776386,3.506261180679785,2.0572450805008944,-1.5245956084854149,-1.445666470793783,-1.3510677124876538,1.1218328451393451,-0.9572086173586641,-0.6702509953170512,-2.0436418633569855,-1.297665558948795,-1.303319875629387,3,Coverage Defender,30.1,17.7,20.0,32.3,32.3
Andrias Edmundsson,Hellas Verona,15,1320,1.77,1.84,3.95,0.75,7.98,3.95,56.9,5.39,49.4,40.2,1.479933110367893,1.5384615384615385,3.3026755852842813,0.6270903010033445,6.672240802675586,3.3026755852842813,4.506688963210702,-0.09532943352848018,1.0600453176172033,-0.23770344955527634,-0.11808361098025383,1.570126111749458,-0.8302109860643907,0.3244033443289969,0.6796159864843667,-1.0209392174767513,2,Aerial Stopper,14.4,16.7,40.2,28.7,40.2
Juan Rodríguez,Cagliari,17,1315,2.53,1.23,2.81,0.96,5.54,4.72,66.7,2.19,50.0,45.6,2.3253676470588234,1.130514705882353,2.5827205882352944,0.8823529411764707,5.091911764705883,4.338235294117647,2.012867647058824,1.5042349044448187,-0.03881665887927882,-0.8505063822562365,1.027390394534549,0.2831305962584588,-0.016557539112510098,1.8216190240272316,-1.333488661816382,-0.9472746979586723,3,Coverage Defender,24.7,21.9,23.9,29.4,29.4
Sead Kolasinac,Atalanta,19,1219,1.99,0.81,5.32,0.37,2.36,5.83,53.2,2.21,43.3,55.2,2.220982142857143,0.9040178571428572,5.937500000000001,0.4129464285714286,2.633928571428571,6.506696428571429,2.466517857142857,1.306737259534423,-0.6489176695981106,2.004975794436445,-1.0790398995490433,-1.7186128830389162,1.6872320749283887,-0.24087196331217242,-0.9672854616480662,-1.7698618325772209,0,Ground Specialist,37.4,27.7,16.0,18.9,37.4
Victor Nelsson,Hellas Verona,38,3315,1.95,1.85,3.04,0.6,7.09,4.24,59.6,5.08,68.4,40.2,1.6304347826086956,1.5468227424749164,2.5418060200668897,0.5016722408026756,5.9280936454849495,3.545150501672241,4.247491638795987,0.1894201210189244,1.0825673926384556,-0.8853315692006446,-0.6808887581985096,0.9641041814050474,-0.6396951231590109,0.7369015417968782,0.47038233561015874,1.3117705672624158,2,Aerial Stopper,14.7,20.4,41.1,23.8,41.1
